Source,Target,Type,Id,Label,timeset,Weight,color
V_M_01,C1_TI_01,Undirected,459,,,100,#ff0000
V_SA_SAF_01,C1_TI_01,Undirected,253,,,100,#9900ff
V_SA_SG_01,C1_TI_01,Undirected,272,,,100,#ff9900
V_SA_SMC_04,C1_TI_01,Undirected,243,,,100,#9900ff
V_SE_06,C1_TI_01,Undirected,398,,,100,#00ffff
V_SE_07,C1_TI_01,Undirected,429,,,100,#00ffff
V_SE_08,C1_TI_01,Undirected,448,,,100,#00ffff
V_SA_SAF_01,C1_TI_02,Undirected,255,,,100,#9900ff
V_SA_SC_01,C1_TI_02,Undirected,10,,,100,#0000ff
V_SA_SC_03,C1_TI_02,Undirected,84,,,100,#0000ff
V_SA_SC_03,C1_TI_02,Undirected,172,,,100,#0000ff
V_SA_SC_05,C1_TI_02,Undirected,150,,,100,#0000ff
V_SA_SG_01,C1_TI_02,Undirected,278,,,100,#ff9900
V_SA_SMC_02,C1_TI_02,Undirected,205,,,100,#9900ff
V_SE_01,C1_TI_02,Undirected,318,,,100,#00ffff
V_SE_08,C1_TI_02,Undirected,455,,,100,#00ffff
V_SA_SAF_01,C1_TI_03,Undirected,249,,,100,#9900ff
V_SA_SC_01,C1_TI_03,Undirected,11,,,100,#0000ff
V_SA_SC_02,C1_TI_03,Undirected,31,,,100,#0000ff
V_SA_SC_03,C1_TI_03,Undirected,64,,,100,#0000ff
V_SA_SC_03,C1_TI_03,Undirected,155,,,100,#0000ff
V_SA_SC_04,C1_TI_03,Undirected,97,,,100,#0000ff
V_SA_SC_05,C1_TI_03,Undirected,129,,,100,#0000ff
V_SA_SG_01,C1_TI_03,Undirected,273,,,100,#ff9900
V_SA_SMC_02,C1_TI_03,Undirected,206,,,100,#9900ff
V_SA_SMC_03,C1_TI_03,Undirected,223,,,100,#9900ff
V_SA_SMC_04,C1_TI_03,Undirected,238,,,100,#9900ff
V_SE_01,C1_TI_03,Undirected,319,,,100,#00ffff
V_SE_06,C1_TI_03,Undirected,399,,,100,#00ffff
V_SE_07,C1_TI_03,Undirected,430,,,100,#00ffff
V_SA_SC_02,C1_TI_04,Undirected,40,,,100,#0000ff
V_SA_SC_03,C1_TI_04,Undirected,73,,,100,#0000ff
V_SA_SC_03,C1_TI_04,Undirected,156,,,100,#0000ff
V_SA_SC_04,C1_TI_04,Undirected,98,,,100,#0000ff
V_SA_SC_05,C1_TI_04,Undirected,130,,,100,#0000ff
V_SA_SG_01,C1_TI_04,Undirected,294,,,100,#ff9900
V_SA_SMC_03,C1_TI_04,Undirected,227,,,100,#9900ff
V_SE_01,C1_TI_04,Undirected,330,,,100,#00ffff
V_SE_06,C1_TI_04,Undirected,400,,,100,#00ffff
V_SE_07,C1_TI_04,Undirected,431,,,100,#00ffff
V_SA_SC_02,C1_TI_05,Undirected,41,,,100,#0000ff
V_SA_SC_04,C1_TI_05,Undirected,118,,,100,#0000ff
V_SA_SC_05,C1_TI_05,Undirected,146,,,100,#0000ff
V_SA_SG_01,C1_TI_05,Undirected,295,,,100,#ff9900
V_SE_01,C1_TI_05,Undirected,331,,,100,#00ffff
V_SA_SAF_01,C1_TI_06,Undirected,256,,,100,#9900ff
V_SA_SC_02,C1_TI_06,Undirected,42,,,100,#0000ff
V_SA_SC_03,C1_TI_06,Undirected,74,,,100,#0000ff
V_SA_SC_03,C1_TI_06,Undirected,157,,,100,#0000ff
V_SA_SC_04,C1_TI_06,Undirected,99,,,100,#0000ff
V_SA_SC_05,C1_TI_06,Undirected,131,,,100,#0000ff
V_SA_SG_01,C1_TI_06,Undirected,279,,,100,#ff9900
V_SE_01,C1_TI_06,Undirected,320,,,100,#00ffff
V_SE_05,C1_TI_06,Undirected,376,,,100,#00ffff
V_SE_08,C1_TI_06,Undirected,456,,,100,#00ffff
V_SE_08,C1_TI_07,Undirected,457,,,100,#00ffff
V_SA_SAF_01,C1_TI_08,Undirected,257,,,100,#9900ff
V_SA_SG_01,C1_TI_08,Undirected,280,,,100,#ff9900
V_SA_SMC_02,C1_TI_08,Undirected,211,,,100,#9900ff
V_SE_06,C1_TI_08,Undirected,401,,,100,#00ffff
V_SE_07,C1_TI_08,Undirected,432,,,100,#00ffff
V_M_01,C1_TI_09,Undirected,464,,,100,#ff0000
V_SA_SAF_01,C1_TI_09,Undirected,258,,,100,#9900ff
V_SA_SC_04,C1_TI_09,Undirected,122,,,100,#0000ff
V_SE_01,C1_TI_09,Undirected,340,,,100,#00ffff
V_SE_02,C1_TI_09,Undirected,358,,,100,#00ffff
V_SE_05,C1_TI_09,Undirected,377,,,100,#00ffff
V_SA_SAF_01,C1_TI_10,Undirected,250,,,100,#9900ff
V_SA_SC_01,C1_TI_10,Undirected,12,,,100,#0000ff
V_SA_SC_02,C1_TI_10,Undirected,32,,,100,#0000ff
V_SA_SC_03,C1_TI_10,Undirected,65,,,100,#0000ff
V_SA_SC_03,C1_TI_10,Undirected,158,,,100,#0000ff
V_SA_SC_04,C1_TI_10,Undirected,100,,,100,#0000ff
V_SA_SC_05,C1_TI_10,Undirected,132,,,100,#0000ff
V_SA_SG_01,C1_TI_10,Undirected,274,,,100,#ff9900
V_SA_SMC_03,C1_TI_10,Undirected,228,,,100,#9900ff
V_SA_SMC_04,C1_TI_10,Undirected,240,,,100,#9900ff
V_SE_01,C1_TI_10,Undirected,321,,,100,#00ffff
V_SE_02,C1_TI_10,Undirected,350,,,100,#00ffff
V_SE_06,C1_TI_10,Undirected,402,,,100,#00ffff
V_SE_07,C1_TI_10,Undirected,433,,,100,#00ffff
V_SA_SAF_01,C1_TI_11,Undirected,259,,,100,#9900ff
V_SA_SC_02,C1_TI_11,Undirected,43,,,100,#0000ff
V_SA_SC_04,C1_TI_11,Undirected,119,,,100,#0000ff
V_SA_SG_01,C1_TI_11,Undirected,281,,,100,#ff9900
V_SA_SC_04,C1_TI_12,Undirected,123,,,100,#0000ff
V_SA_SG_01,C1_TI_12,Undirected,296,,,100,#ff9900
V_SA_SAF_01,C1_TI_13,Undirected,260,,,100,#9900ff
V_SA_SC_02,C1_TI_13,Undirected,44,,,100,#0000ff
V_SA_SC_03,C1_TI_13,Undirected,75,,,100,#0000ff
V_SA_SC_03,C1_TI_13,Undirected,159,,,100,#0000ff
V_SA_SC_04,C1_TI_13,Undirected,101,,,100,#0000ff
V_SA_SC_05,C1_TI_13,Undirected,133,,,100,#0000ff
V_SA_SG_01,C1_TI_13,Undirected,282,,,100,#ff9900
V_SE_01,C1_TI_13,Undirected,322,,,100,#00ffff
V_SE_02,C1_TI_13,Undirected,351,,,100,#00ffff
V_SE_05,C1_TI_13,Undirected,378,,,100,#00ffff
V_SE_06,C1_TI_13,Undirected,391,,,100,#00ffff
V_SE_07,C1_TI_13,Undirected,422,,,100,#00ffff
V_SE_08,C1_TI_13,Undirected,449,,,100,#00ffff
V_SA_SC_02,C1_TI_14,Undirected,45,,,100,#0000ff
V_SA_SC_04,C1_TI_14,Undirected,120,,,100,#0000ff
V_SA_SC_05,C1_TI_14,Undirected,147,,,100,#0000ff
V_SA_SG_01,C1_TI_14,Undirected,297,,,100,#ff9900
V_SA_SMC_03,C1_TI_14,Undirected,229,,,100,#9900ff
V_SE_01,C1_TI_14,Undirected,332,,,100,#00ffff
V_SE_05,C1_TI_14,Undirected,379,,,100,#00ffff
V_SA_SC_01,C1_TI_15,Undirected,13,,,100,#0000ff
V_SA_SC_02,C1_TI_15,Undirected,33,,,100,#0000ff
V_SA_SC_03,C1_TI_15,Undirected,66,,,100,#0000ff
V_SA_SC_03,C1_TI_15,Undirected,160,,,100,#0000ff
V_SA_SC_04,C1_TI_15,Undirected,102,,,100,#0000ff
V_SA_SC_05,C1_TI_15,Undirected,134,,,100,#0000ff
V_SA_SG_01,C1_TI_15,Undirected,298,,,100,#ff9900
V_SA_SMC_02,C1_TI_15,Undirected,207,,,100,#9900ff
V_SE_06,C1_TI_15,Undirected,403,,,100,#00ffff
V_SE_07,C1_TI_15,Undirected,434,,,100,#00ffff
V_SA_SC_02,C1_TI_16,Undirected,46,,,100,#0000ff
V_SA_SC_03,C1_TI_16,Undirected,76,,,100,#0000ff
V_SA_SC_03,C1_TI_16,Undirected,185,,,100,#0000ff
V_SA_SG_01,C1_TI_16,Undirected,299,,,100,#ff9900
V_SA_SMC_02,C1_TI_16,Undirected,212,,,100,#9900ff
V_SE_06,C1_TI_16,Undirected,404,,,100,#00ffff
V_SA_SAF_01,C1_TI_17,Undirected,261,,,100,#9900ff
V_SA_SAF_01,C1_TI_18,Undirected,262,,,100,#9900ff
V_SA_SC_02,C1_TI_18,Undirected,47,,,100,#0000ff
V_SA_SC_03,C1_TI_18,Undirected,77,,,100,#0000ff
V_SA_SC_03,C1_TI_18,Undirected,182,,,100,#0000ff
V_SA_SC_04,C1_TI_18,Undirected,103,,,100,#0000ff
V_SA_SG_01,C1_TI_18,Undirected,283,,,100,#ff9900
V_SE_01,C1_TI_18,Undirected,323,,,100,#00ffff
V_SE_06,C1_TI_18,Undirected,405,,,100,#00ffff
V_SE_07,C1_TI_18,Undirected,435,,,100,#00ffff
V_SE_08,C1_TI_18,Undirected,450,,,100,#00ffff
V_SA_SC_02,C1_TI_19,Undirected,48,,,100,#0000ff
V_SA_SC_04,C1_TI_19,Undirected,121,,,100,#0000ff
V_SA_SC_05,C1_TI_19,Undirected,148,,,100,#0000ff
V_SA_SG_01,C1_TI_19,Undirected,300,,,100,#ff9900
V_SA_SMC_03,C1_TI_19,Undirected,230,,,100,#9900ff
V_SE_01,C1_TI_19,Undirected,333,,,100,#00ffff
V_SE_02,C1_TI_19,Undirected,352,,,100,#00ffff
V_SE_06,C1_TI_19,Undirected,406,,,100,#00ffff
V_SE_07,C1_TI_19,Undirected,436,,,100,#00ffff
V_SA_SC_02,C1_TI_20,Undirected,49,,,100,#0000ff
V_SA_SC_03,C1_TI_20,Undirected,78,,,100,#0000ff
V_SA_SC_03,C1_TI_20,Undirected,161,,,100,#0000ff
V_SA_SC_04,C1_TI_20,Undirected,104,,,100,#0000ff
V_SA_SC_05,C1_TI_20,Undirected,135,,,100,#0000ff
V_SA_SG_01,C1_TI_20,Undirected,301,,,100,#ff9900
V_SE_06,C1_TI_20,Undirected,407,,,100,#00ffff
V_SA_SG_01,C1_TI_21,Undirected,302,,,100,#ff9900
V_M_01,C1_TI_22,Undirected,462,,,100,#ff0000
V_SA_SC_01,C1_TI_22,Undirected,14,,,100,#0000ff
V_SA_SC_02,C1_TI_22,Undirected,34,,,100,#0000ff
V_SA_SC_03,C1_TI_22,Undirected,67,,,100,#0000ff
V_SA_SC_03,C1_TI_22,Undirected,162,,,100,#0000ff
V_SA_SC_04,C1_TI_22,Undirected,105,,,100,#0000ff
V_SA_SC_05,C1_TI_22,Undirected,136,,,100,#0000ff
V_SA_SG_01,C1_TI_22,Undirected,303,,,100,#ff9900
V_SA_SMC_01,C1_TI_22,Undirected,187,,,100,#9900ff
V_SA_SMC_02,C1_TI_22,Undirected,198,,,100,#9900ff
V_SA_SMC_03,C1_TI_22,Undirected,220,,,100,#9900ff
V_SE_01,C1_TI_22,Undirected,334,,,100,#00ffff
V_SE_02,C1_TI_22,Undirected,353,,,100,#00ffff
V_SE_04,C1_TI_22,Directed,369,,,100,#00ffff
V_SE_05,C1_TI_22,Undirected,372,,,100,#00ffff
V_SE_06,C1_TI_22,Undirected,387,,,100,#00ffff
V_SE_07,C1_TI_22,Undirected,423,,,100,#00ffff
V_SA_SAF_01,C1_TI_23,Undirected,263,,,100,#9900ff
V_SE_06,C1_TI_23,Undirected,408,,,100,#00ffff
V_SE_07,C1_TI_23,Undirected,437,,,100,#00ffff
V_SA_SAF_01,C1_TI_24,Undirected,264,,,100,#9900ff
V_SA_SC_01,C1_TI_24,Undirected,15,,,100,#0000ff
V_SA_SC_02,C1_TI_24,Undirected,35,,,100,#0000ff
V_SA_SC_03,C1_TI_24,Undirected,68,,,100,#0000ff
V_SA_SC_03,C1_TI_24,Undirected,163,,,100,#0000ff
V_SA_SC_04,C1_TI_24,Undirected,106,,,100,#0000ff
V_SA_SC_05,C1_TI_24,Undirected,137,,,100,#0000ff
V_SA_SG_01,C1_TI_24,Undirected,284,,,100,#ff9900
V_SA_SMC_01,C1_TI_24,Undirected,188,,,100,#9900ff
V_SA_SMC_02,C1_TI_24,Undirected,199,,,100,#9900ff
V_SE_02,C1_TI_24,Undirected,361,,,100,#00ffff
V_SE_05,C1_TI_24,Undirected,380,,,100,#00ffff
V_SE_06,C1_TI_24,Undirected,392,,,100,#00ffff
V_SE_07,C1_TI_24,Undirected,424,,,100,#00ffff
V_SA_SC_02,C1_TI_25,Undirected,50,,,100,#0000ff
V_SA_SC_03,C1_TI_25,Undirected,79,,,100,#0000ff
V_SA_SC_03,C1_TI_25,Undirected,164,,,100,#0000ff
V_SA_SC_04,C1_TI_25,Undirected,107,,,100,#0000ff
V_SA_SC_05,C1_TI_25,Undirected,138,,,100,#0000ff
V_SA_SG_01,C1_TI_25,Undirected,304,,,100,#ff9900
V_SE_01,C1_TI_25,Undirected,335,,,100,#00ffff
V_SE_06,C1_TI_25,Undirected,409,,,100,#00ffff
V_SE_07,C1_TI_25,Undirected,438,,,100,#00ffff
V_SA_SC_02,C1_TI_26,Undirected,51,,,100,#0000ff
V_SA_SC_03,C1_TI_26,Undirected,80,,,100,#0000ff
V_SA_SC_03,C1_TI_26,Undirected,165,,,100,#0000ff
V_SA_SC_04,C1_TI_26,Undirected,108,,,100,#0000ff
V_SA_SC_05,C1_TI_26,Undirected,139,,,100,#0000ff
V_SE_01,C1_TI_26,Undirected,341,,,100,#00ffff
V_SE_02,C1_TI_26,Undirected,359,,,100,#00ffff
V_SE_05,C1_TI_26,Undirected,381,,,100,#00ffff
V_SE_08,C1_TI_26,Undirected,458,,,100,#00ffff
V_SA_SC_04,C1_TI_27,Undirected,124,,,100,#0000ff
V_SA_SG_01,C1_TI_27,Undirected,305,,,100,#ff9900
V_SE_06,C1_TI_27,Undirected,410,,,100,#00ffff
V_SA_SAF_01,C1_TI_28,Undirected,265,,,100,#9900ff
V_SA_SC_02,C1_TI_28,Undirected,52,,,100,#0000ff
V_SA_SC_03,C1_TI_28,Undirected,81,,,100,#0000ff
V_SA_SC_03,C1_TI_28,Undirected,166,,,100,#0000ff
V_SA_SC_04,C1_TI_28,Undirected,109,,,100,#0000ff
V_SA_SC_05,C1_TI_28,Undirected,140,,,100,#0000ff
V_SA_SG_01,C1_TI_28,Undirected,285,,,100,#ff9900
V_SE_01,C1_TI_28,Undirected,324,,,100,#00ffff
V_SE_02,C1_TI_28,Undirected,354,,,100,#00ffff
V_SE_06,C1_TI_28,Undirected,411,,,100,#00ffff
V_SE_07,C1_TI_28,Undirected,439,,,100,#00ffff
V_SA_SC_01,C1_TI_29,Undirected,16,,,100,#0000ff
V_SA_SC_02,C1_TI_29,Undirected,36,,,100,#0000ff
V_SA_SC_03,C1_TI_29,Undirected,69,,,100,#0000ff
V_SA_SC_03,C1_TI_29,Undirected,167,,,100,#0000ff
V_SA_SC_04,C1_TI_29,Undirected,110,,,100,#0000ff
V_SA_SC_05,C1_TI_29,Undirected,141,,,100,#0000ff
V_SA_SG_01,C1_TI_29,Undirected,306,,,100,#ff9900
V_SA_SMC_01,C1_TI_29,Undirected,189,,,100,#9900ff
V_SE_01,C1_TI_29,Undirected,336,,,100,#00ffff
V_SE_05,C1_TI_29,Undirected,382,,,100,#00ffff
V_SA_SC_01,C1_TI_30,Undirected,17,,,100,#0000ff
V_SA_SC_02,C1_TI_30,Undirected,37,,,100,#0000ff
V_SA_SC_03,C1_TI_30,Undirected,70,,,100,#0000ff
V_SA_SC_03,C1_TI_30,Undirected,168,,,100,#0000ff
V_SA_SC_04,C1_TI_30,Undirected,111,,,100,#0000ff
V_SA_SC_05,C1_TI_30,Undirected,142,,,100,#0000ff
V_SA_SG_01,C1_TI_30,Undirected,307,,,100,#ff9900
V_SA_SMC_01,C1_TI_30,Undirected,190,,,100,#9900ff
V_SA_SMC_03,C1_TI_30,Undirected,225,,,100,#9900ff
V_SE_01,C1_TI_30,Undirected,337,,,100,#00ffff
V_SE_02,C1_TI_30,Undirected,355,,,100,#00ffff
V_SE_07,C1_TI_30,Undirected,446,,,100,#00ffff
V_SA_SAF_01,C1_TI_31,Undirected,266,,,100,#9900ff
V_SA_SC_04,C1_TI_31,Undirected,125,,,100,#0000ff
V_SA_SG_01,C1_TI_31,Undirected,286,,,100,#ff9900
V_SA_SMC_02,C1_TI_31,Undirected,213,,,100,#9900ff
V_SE_06,C1_TI_31,Undirected,412,,,100,#00ffff
V_SE_07,C1_TI_31,Undirected,440,,,100,#00ffff
V_SE_08,C1_TI_31,Undirected,451,,,100,#00ffff
V_SA_SC_05,C1_TI_32,Undirected,152,,,100,#0000ff
V_SA_SG_01,C1_TI_32,Undirected,308,,,100,#ff9900
V_SA_SAF_01,C1_TI_33,Undirected,267,,,100,#9900ff
V_SA_SC_03,C1_TI_33,Undirected,86,,,100,#0000ff
V_SA_SC_03,C1_TI_33,Undirected,169,,,100,#0000ff
V_SA_SC_04,C1_TI_33,Undirected,115,,,100,#0000ff
V_SA_SC_05,C1_TI_33,Undirected,143,,,100,#0000ff
V_SA_SG_01,C1_TI_33,Undirected,287,,,100,#ff9900
V_SE_07,C1_TI_33,Undirected,447,,,100,#00ffff
V_SA_SC_02,C1_TI_34,Undirected,53,,,100,#0000ff
V_SA_SG_01,C1_TI_34,Undirected,309,,,100,#ff9900
V_SE_06,C1_TI_34,Undirected,413,,,100,#00ffff
V_SE_07,C1_TI_34,Undirected,441,,,100,#00ffff
V_SA_SG_01,C1_TI_35,Undirected,310,,,100,#ff9900
V_SA_SC_03,C1_TI_36,Undirected,87,,,100,#0000ff
V_SA_SC_03,C1_TI_36,Undirected,183,,,100,#0000ff
V_SA_SC_04,C1_TI_36,Undirected,116,,,100,#0000ff
V_SA_SG_01,C1_TI_36,Undirected,311,,,100,#ff9900
V_SE_01,C1_TI_36,Undirected,338,,,100,#00ffff
V_SE_06,C1_TI_36,Undirected,414,,,100,#00ffff
V_SE_07,C1_TI_36,Undirected,442,,,100,#00ffff
V_M_01,C1_TI_37,Undirected,460,,,100,#ff0000
V_SA_SAF_01,C1_TI_37,Undirected,254,,,100,#9900ff
V_SA_SG_01,C1_TI_37,Undirected,275,,,100,#ff9900
V_SA_SMC_04,C1_TI_37,Undirected,244,,,100,#9900ff
V_SE_06,C1_TI_37,Undirected,415,,,100,#00ffff
V_SE_07,C1_TI_37,Undirected,443,,,100,#00ffff
V_SE_08,C1_TI_37,Undirected,452,,,100,#00ffff
V_SA_SC_01,C1_TI_38,Undirected,18,,,100,#0000ff
V_SA_SC_03,C1_TI_38,Undirected,85,,,100,#0000ff
V_SA_SC_03,C1_TI_38,Undirected,170,,,100,#0000ff
V_SA_SC_04,C1_TI_38,Undirected,117,,,100,#0000ff
V_SA_SC_05,C1_TI_38,Undirected,144,,,100,#0000ff
V_SA_SG_01,C1_TI_38,Undirected,312,,,100,#ff9900
V_SA_SMC_02,C1_TI_38,Undirected,208,,,100,#9900ff
V_SE_01,C1_TI_38,Undirected,339,,,100,#00ffff
V_SE_02,C1_TI_38,Undirected,356,,,100,#00ffff
V_SE_05,C1_TI_38,Undirected,383,,,100,#00ffff
V_SA_SC_01,C1_TI_39,Undirected,19,,,100,#0000ff
V_SA_SC_04,C1_TI_39,Undirected,126,,,100,#0000ff
V_SA_SC_05,C1_TI_39,Undirected,149,,,100,#0000ff
V_SA_SMC_03,C1_TI_39,Undirected,231,,,100,#9900ff
V_SE_01,C1_TI_39,Undirected,342,,,100,#00ffff
V_SE_02,C1_TI_39,Undirected,360,,,100,#00ffff
V_SE_05,C1_TI_39,Undirected,384,,,100,#00ffff
V_SA_SC_02,C1_TI_40,Undirected,54,,,100,#0000ff
V_SA_SC_03,C1_TI_40,Undirected,82,,,100,#0000ff
V_SA_SC_03,C1_TI_40,Undirected,184,,,100,#0000ff
V_SA_SC_04,C1_TI_40,Undirected,112,,,100,#0000ff
V_SA_SG_01,C1_TI_40,Undirected,313,,,100,#ff9900
V_SA_SMC_02,C1_TI_40,Undirected,214,,,100,#9900ff
V_SE_06,C1_TI_40,Undirected,416,,,100,#00ffff
V_SE_07,C1_TI_40,Undirected,444,,,100,#00ffff
V_SA_SAF_01,C1_TI_41,Undirected,251,,,100,#9900ff
V_SA_SC_01,C1_TI_41,Undirected,20,,,100,#0000ff
V_SA_SC_02,C1_TI_41,Undirected,38,,,100,#0000ff
V_SA_SC_03,C1_TI_41,Undirected,71,,,100,#0000ff
V_SA_SC_03,C1_TI_41,Undirected,173,,,100,#0000ff
V_SA_SC_05,C1_TI_41,Undirected,151,,,100,#0000ff
V_SA_SG_01,C1_TI_41,Undirected,276,,,100,#ff9900
V_SA_SMC_01,C1_TI_41,Undirected,191,,,100,#9900ff
V_SA_SMC_03,C1_TI_41,Undirected,226,,,100,#9900ff
V_SA_SMC_04,C1_TI_41,Undirected,241,,,100,#9900ff
V_SE_01,C1_TI_41,Undirected,325,,,100,#00ffff
V_SE_02,C1_TI_41,Undirected,357,,,100,#00ffff
V_SE_06,C1_TI_41,Undirected,417,,,100,#00ffff
V_SA_SAF_01,C1_TI_42,Undirected,252,,,100,#9900ff
V_SA_SC_01,C1_TI_42,Undirected,21,,,100,#0000ff
V_SA_SC_02,C1_TI_42,Undirected,39,,,100,#0000ff
V_SA_SC_03,C1_TI_42,Undirected,72,,,100,#0000ff
V_SA_SC_03,C1_TI_42,Undirected,171,,,100,#0000ff
V_SA_SC_04,C1_TI_42,Undirected,113,,,100,#0000ff
V_SA_SC_05,C1_TI_42,Undirected,145,,,100,#0000ff
V_SA_SG_01,C1_TI_42,Undirected,277,,,100,#ff9900
V_SA_SMC_03,C1_TI_42,Undirected,232,,,100,#9900ff
V_SA_SMC_04,C1_TI_42,Undirected,242,,,100,#9900ff
V_SE_01,C1_TI_42,Undirected,326,,,100,#00ffff
V_SE_06,C1_TI_42,Undirected,418,,,100,#00ffff
V_SE_07,C1_TI_42,Undirected,445,,,100,#00ffff
V_SE_08,C1_TI_42,Undirected,453,,,100,#00ffff
V_SA_SC_01,C2_TC_01,Undirected,0,,,100,#0000ff
V_SA_SC_02,C2_TC_01,Undirected,22,,,100,#0000ff
V_SA_SC_03,C2_TC_01,Undirected,55,,,100,#0000ff
V_SA_SC_03,C2_TC_01,Undirected,174,,,100,#0000ff
V_SA_SC_04,C2_TC_01,Undirected,88,,,100,#0000ff
V_SA_SG_01,C2_TC_01,Undirected,288,,,100,#ff9900
V_SA_SMC_01,C2_TC_01,Undirected,192,,,100,#9900ff
V_SA_SMC_02,C2_TC_01,Undirected,200,,,100,#9900ff
V_SA_SMC_03,C2_TC_01,Undirected,215,,,100,#9900ff
V_SA_SMC_04,C2_TC_01,Undirected,233,,,100,#9900ff
V_SE_01,C2_TC_01,Undirected,327,,,100,#00ffff
V_SE_02,C2_TC_01,Undirected,343,,,100,#00ffff
V_SE_03,C2_TC_01,Undirected,362,,,100,#00ffff
V_SE_04,C2_TC_01,Directed,366,,,100,#00ffff
V_SE_06,C2_TC_01,Undirected,393,,,100,#00ffff
V_SE_07,C2_TC_01,Undirected,425,,,100,#00ffff
V_SA_SC_01,C2_TC_02,Undirected,1,,,100,#0000ff
V_SA_SC_02,C2_TC_02,Undirected,23,,,100,#0000ff
V_SA_SC_03,C2_TC_02,Undirected,56,,,100,#0000ff
V_SA_SC_03,C2_TC_02,Undirected,175,,,100,#0000ff
V_SA_SC_04,C2_TC_02,Undirected,89,,,100,#0000ff
V_SA_SG_01,C2_TC_02,Undirected,290,,,100,#ff9900
V_SA_SMC_02,C2_TC_02,Undirected,209,,,100,#9900ff
V_SE_06,C2_TC_02,Undirected,394,,,100,#00ffff
V_SE_07,C2_TC_02,Undirected,426,,,100,#00ffff
V_SA_SAF_01,C2_TC_03,Undirected,245,,,100,#9900ff
V_SA_SC_01,C2_TC_03,Undirected,2,,,100,#0000ff
V_SA_SC_02,C2_TC_03,Undirected,24,,,100,#0000ff
V_SA_SC_03,C2_TC_03,Undirected,57,,,100,#0000ff
V_SA_SC_03,C2_TC_03,Undirected,153,,,100,#0000ff
V_SA_SC_04,C2_TC_03,Undirected,90,,,100,#0000ff
V_SA_SC_05,C2_TC_03,Undirected,127,,,100,#0000ff
V_SA_SG_01,C2_TC_03,Undirected,268,,,100,#ff9900
V_SA_SMC_01,C2_TC_03,Undirected,186,,,100,#9900ff
V_SA_SMC_02,C2_TC_03,Undirected,197,,,100,#9900ff
V_SA_SMC_03,C2_TC_03,Undirected,216,,,100,#9900ff
V_SA_SMC_04,C2_TC_03,Undirected,234,,,100,#9900ff
V_SE_01,C2_TC_03,Undirected,314,,,100,#00ffff
V_SE_02,C2_TC_03,Undirected,344,,,100,#00ffff
V_SE_05,C2_TC_03,Undirected,373,,,100,#00ffff
V_SE_06,C2_TC_03,Undirected,388,,,100,#00ffff
V_SE_07,C2_TC_03,Undirected,419,,,100,#00ffff
V_SA_SAF_01,C2_TC_04,Undirected,246,,,100,#9900ff
V_SA_SC_01,C2_TC_04,Undirected,3,,,100,#0000ff
V_SA_SC_02,C2_TC_04,Undirected,25,,,100,#0000ff
V_SA_SC_03,C2_TC_04,Undirected,58,,,100,#0000ff
V_SA_SC_03,C2_TC_04,Undirected,176,,,100,#0000ff
V_SA_SC_04,C2_TC_04,Undirected,91,,,100,#0000ff
V_SA_SG_01,C2_TC_04,Undirected,269,,,100,#ff9900
V_SA_SMC_01,C2_TC_04,Undirected,193,,,100,#9900ff
V_SA_SMC_03,C2_TC_04,Undirected,224,,,100,#9900ff
V_SA_SMC_04,C2_TC_04,Undirected,239,,,100,#9900ff
V_SE_01,C2_TC_04,Undirected,315,,,100,#00ffff
V_SE_02,C2_TC_04,Undirected,345,,,100,#00ffff
V_SE_05,C2_TC_04,Undirected,374,,,100,#00ffff
V_SE_06,C2_TC_04,Undirected,389,,,100,#00ffff
V_SE_07,C2_TC_04,Undirected,420,,,100,#00ffff
V_SA_SC_01,C2_TC_05,Undirected,4,,,100,#0000ff
V_SA_SC_03,C2_TC_05,Undirected,83,,,100,#0000ff
V_SA_SC_03,C2_TC_05,Undirected,177,,,100,#0000ff
V_SA_SC_04,C2_TC_05,Undirected,114,,,100,#0000ff
V_SA_SG_01,C2_TC_05,Undirected,291,,,100,#ff9900
V_SE_06,C2_TC_05,Undirected,395,,,100,#00ffff
V_M_01,C2_TC_06,Undirected,461,,,100,#ff0000
V_SA_SAF_01,C2_TC_06,Undirected,247,,,100,#9900ff
V_SA_SC_01,C2_TC_06,Undirected,5,,,100,#0000ff
V_SA_SC_02,C2_TC_06,Undirected,26,,,100,#0000ff
V_SA_SC_03,C2_TC_06,Undirected,59,,,100,#0000ff
V_SA_SC_03,C2_TC_06,Undirected,178,,,100,#0000ff
V_SA_SC_04,C2_TC_06,Undirected,92,,,100,#0000ff
V_SA_SG_01,C2_TC_06,Undirected,270,,,100,#ff9900
V_SA_SMC_01,C2_TC_06,Undirected,194,,,100,#9900ff
V_SA_SMC_02,C2_TC_06,Undirected,201,,,100,#9900ff
V_SA_SMC_03,C2_TC_06,Undirected,217,,,100,#9900ff
V_SA_SMC_04,C2_TC_06,Undirected,235,,,100,#9900ff
V_SE_01,C2_TC_06,Undirected,316,,,100,#00ffff
V_SE_02,C2_TC_06,Undirected,346,,,100,#00ffff
V_SE_03,C2_TC_06,Undirected,363,,,100,#00ffff
V_SE_05,C2_TC_06,Undirected,375,,,100,#00ffff
V_SE_06,C2_TC_06,Undirected,390,,,100,#00ffff
V_SE_08,C2_TC_06,Undirected,454,,,100,#00ffff
V_SA_SC_01,C2_TC_07,Undirected,6,,,100,#0000ff
V_SA_SC_02,C2_TC_07,Undirected,27,,,100,#0000ff
V_SA_SC_03,C2_TC_07,Undirected,60,,,100,#0000ff
V_SA_SC_03,C2_TC_07,Undirected,179,,,100,#0000ff
V_SA_SC_04,C2_TC_07,Undirected,93,,,100,#0000ff
V_SA_SG_01,C2_TC_07,Undirected,292,,,100,#ff9900
V_SA_SMC_02,C2_TC_07,Undirected,210,,,100,#9900ff
V_SA_SMC_03,C2_TC_07,Undirected,221,,,100,#9900ff
V_SE_06,C2_TC_07,Undirected,396,,,100,#00ffff
V_SE_07,C2_TC_07,Undirected,427,,,100,#00ffff
V_SA_SC_01,C2_TC_08,Undirected,7,,,100,#0000ff
V_SA_SC_02,C2_TC_08,Undirected,28,,,100,#0000ff
V_SA_SC_03,C2_TC_08,Undirected,61,,,100,#0000ff
V_SA_SC_03,C2_TC_08,Undirected,180,,,100,#0000ff
V_SA_SC_04,C2_TC_08,Undirected,94,,,100,#0000ff
V_SA_SG_01,C2_TC_08,Undirected,293,,,100,#ff9900
V_SA_SMC_01,C2_TC_08,Undirected,195,,,100,#9900ff
V_SA_SMC_02,C2_TC_08,Undirected,202,,,100,#9900ff
V_SA_SMC_03,C2_TC_08,Undirected,218,,,100,#9900ff
V_SE_01,C2_TC_08,Undirected,328,,,100,#00ffff
V_SE_02,C2_TC_08,Undirected,347,,,100,#00ffff
V_SE_06,C2_TC_08,Undirected,397,,,100,#00ffff
V_SE_07,C2_TC_08,Undirected,428,,,100,#00ffff
V_M_01,C2_TC_09,Undirected,463,,,100,#ff0000
V_SA_SAF_01,C2_TC_09,Undirected,248,,,100,#9900ff
V_SA_SC_01,C2_TC_09,Undirected,8,,,100,#0000ff
V_SA_SC_02,C2_TC_09,Undirected,29,,,100,#0000ff
V_SA_SC_03,C2_TC_09,Undirected,62,,,100,#0000ff
V_SA_SC_03,C2_TC_09,Undirected,154,,,100,#0000ff
V_SA_SC_04,C2_TC_09,Undirected,95,,,100,#0000ff
V_SA_SC_05,C2_TC_09,Undirected,128,,,100,#0000ff
V_SA_SG_01,C2_TC_09,Undirected,271,,,100,#ff9900
V_SA_SMC_02,C2_TC_09,Undirected,204,,,100,#9900ff
V_SA_SMC_03,C2_TC_09,Undirected,222,,,100,#9900ff
V_SA_SMC_04,C2_TC_09,Undirected,236,,,100,#9900ff
V_SE_01,C2_TC_09,Undirected,317,,,100,#00ffff
V_SE_02,C2_TC_09,Undirected,348,,,100,#00ffff
V_SE_03,C2_TC_09,Undirected,364,,,100,#00ffff
V_SE_04,C2_TC_09,Directed,367,,,100,#00ffff
V_SE_05,C2_TC_09,Undirected,370,,,100,#00ffff
V_SE_06,C2_TC_09,Undirected,385,,,100,#00ffff
V_SA_SC_01,C2_TC_10,Undirected,9,,,100,#0000ff
V_SA_SC_02,C2_TC_10,Undirected,30,,,100,#0000ff
V_SA_SC_03,C2_TC_10,Undirected,63,,,100,#0000ff
V_SA_SC_03,C2_TC_10,Undirected,181,,,100,#0000ff
V_SA_SC_04,C2_TC_10,Undirected,96,,,100,#0000ff
V_SA_SG_01,C2_TC_10,Undirected,289,,,100,#ff9900
V_SA_SMC_01,C2_TC_10,Undirected,196,,,100,#9900ff
V_SA_SMC_02,C2_TC_10,Undirected,203,,,100,#9900ff
V_SA_SMC_03,C2_TC_10,Undirected,219,,,100,#9900ff
V_SA_SMC_04,C2_TC_10,Undirected,237,,,100,#9900ff
V_SE_01,C2_TC_10,Undirected,329,,,100,#00ffff
V_SE_02,C2_TC_10,Undirected,349,,,100,#00ffff
V_SE_03,C2_TC_10,Undirected,365,,,100,#00ffff
V_SE_04,C2_TC_10,Directed,368,,,100,#00ffff
V_SE_05,C2_TC_10,Undirected,371,,,100,#00ffff
V_SE_06,C2_TC_10,Undirected,386,,,100,#00ffff
V_SE_07,C2_TC_10,Undirected,421,,,100,#00ffff
V_SA_01,V_01,Directed,V04,Stratégies cognitives,,58.84615385,#0000ff
V_SA_02,V_01,Directed,V05,Stratégies métacognitives,,28.36538462,#0000ff
V_SA_03,V_01,Directed,V06,Stratégies affectives,,88.46153846,#0000ff
V_SA_04,V_01,Directed,V07,Stratégies de gestion,,44.23076923,#0000ff
V_SA_SAF_01,V_SA_03,Directed,V17,"Création ou maintien climat 
d'apprentissage positif",,88.46153846,#ff00ff
V_SA_SC_01,V_SA_01,Directed,V08,Plans d'action organisés,,42.30769231,#0000ff
V_SA_SC_02,V_SA_01,Directed,V09,Activités de sélection,,63.46153846,#0000ff
V_SA_SC_03,V_SA_01,Directed,V10,Activités d'organisation,,63.46153846,#0000ff
V_SA_SC_04,V_SA_01,Directed,V11,Activité d'élaboration,,75,#0000ff
V_SA_SC_05,V_SA_01,Directed,V12,Activités de révision,,50,#0000ff
V_SA_SG_01,V_SA_04,Directed,V18,"Ressources temporelles, 
humaines, matérielles
mobilisées pour 
l'apprentissage",,44.23076923,#ff9900
V_SA_SMC_01,V_SA_02,Directed,V13,"Évaluation de son 
apprentissage",,21.15384615,#9900ff
V_SA_SMC_02,V_SA_02,Directed,V14,"Planification de son 
apprentissage",,34.61538462,#9900ff
V_SA_SMC_03,V_SA_02,Directed,V15,"Contrôle de son 
apprentissage",,34.61538462,#9900ff
V_SA_SMC_04,V_SA_02,Directed,V16,"Régulation de son 
apprentissage",,23.07692308,#9900ff
V_SE_01,V_02,Directed,V19,Maîtriser ses connaissances / compétences,,55.76923077,#00ffff
V_SE_02,V_02,Directed,V20,Soutenir la perception d'une acquisition progressive,,36.53846154,#00ffff
V_SE_03,V_02,Directed,V21,Identifier des objectifs intermédiaires pour atteindre l'objectif final,,7.692307692,#00ffff
V_SE_04,V_02,Directed,V22,Identifier l'objectif final,,7.692307692,#00ffff
V_SE_05,V_02,Directed,V23,"Expériences actives de maîtrise (performances antérieures, succès, échecs)",,28.84615385,#00ffff
V_SE_06,V_02,Directed,V24,"Expériences vicariantes (modelage, comparaison sociale)",,65.38461538,#00ffff
V_SE_07,V_02,Directed,V25,"Persuasion verbale (feed-back évaluatifs, encouragements, avis de personnes signifiantes)",,55.76923077,#00ffff
V_SE_08,V_02,Directed,V26,États physiologiques et émotionnels,,21.15384615,#00ffff
V_M_01,V_03,Directed,V27,Soutenir le développement de ressources propres,,11.53846154,#ff0000
C1,C1_TI_01,Undirected,465,,,42,#ffff00
C1,C1_TI_02,Undirected,466,,,42,#ffff00
C1,C1_TI_03,Undirected,467,,,42,#ffff00
C1,C1_TI_04,Undirected,468,,,42,#ffff00
C1,C1_TI_05,Undirected,469,,,42,#ffff00
C1,C1_TI_06,Undirected,470,,,42,#ffff00
C1,C1_TI_07,Undirected,471,,,42,#ffff00
C1,C1_TI_08,Undirected,472,,,42,#ffff00
C1,C1_TI_09,Undirected,473,,,42,#ffff00
C1,C1_TI_10,Undirected,474,,,42,#ffff00
C1,C1_TI_11,Undirected,475,,,42,#ffff00
C1,C1_TI_12,Undirected,476,,,42,#ffff00
C1,C1_TI_13,Undirected,477,,,42,#ffff00
C1,C1_TI_14,Undirected,478,,,42,#ffff00
C1,C1_TI_15,Undirected,479,,,42,#ffff00
C1,C1_TI_16,Undirected,480,,,42,#ffff00
C1,C1_TI_17,Undirected,481,,,42,#ffff00
C1,C1_TI_18,Undirected,482,,,42,#ffff00
C1,C1_TI_19,Undirected,483,,,42,#ffff00
C1,C1_TI_20,Undirected,484,,,42,#ffff00
C1,C1_TI_21,Undirected,485,,,42,#ffff00
C1,C1_TI_22,Undirected,486,,,42,#ffff00
C1,C1_TI_23,Undirected,487,,,42,#ffff00
C1,C1_TI_24,Undirected,488,,,42,#ffff00
C1,C1_TI_25,Undirected,489,,,42,#ffff00
C1,C1_TI_26,Undirected,490,,,42,#ffff00
C1,C1_TI_27,Undirected,491,,,42,#ffff00
C1,C1_TI_28,Undirected,492,,,42,#ffff00
C1,C1_TI_29,Undirected,493,,,42,#ffff00
C1,C1_TI_30,Undirected,494,,,42,#ffff00
C1,C1_TI_31,Undirected,495,,,42,#ffff00
C1,C1_TI_32,Undirected,496,,,42,#ffff00
C1,C1_TI_33,Undirected,497,,,42,#ffff00
C1,C1_TI_34,Undirected,498,,,42,#ffff00
C1,C1_TI_35,Undirected,499,,,42,#ffff00
C1,C1_TI_36,Undirected,500,,,42,#ffff00
C1,C1_TI_37,Undirected,501,,,42,#ffff00
C1,C1_TI_38,Undirected,502,,,42,#ffff00
C1,C1_TI_39,Undirected,503,,,42,#ffff00
C1,C1_TI_40,Undirected,504,,,42,#ffff00
C1,C1_TI_41,Undirected,505,,,42,#ffff00
C1,C1_TI_42,Undirected,506,,,42,#ffff00
C2,C2_TC_01,Undirected,507,,,10,#ffff00
C2,C2_TC_02,Undirected,508,,,10,#ffff00
C2,C2_TC_03,Undirected,509,,,10,#ffff00
C2,C2_TC_04,Undirected,510,,,10,#ffff00
C2,C2_TC_05,Undirected,511,,,10,#ffff00
C2,C2_TC_06,Undirected,512,,,10,#ffff00
C2,C2_TC_07,Undirected,513,,,10,#ffff00
V_SA_01,V_SA_SC_01,Undirected,514,,,45.45454545,#0000ff
V_SA_01,V_SA_SC_02,Undirected,515,,,45.45454545,#0000ff
V_SA_01,V_SA_SC_03,Undirected,516,,,45.45454545,#0000ff
V_SA_01,V_SA_SC_04,Undirected,517,,,45.45454545,#0000ff
V_SA_01,V_SA_SC_05,Undirected,518,,,45.45454545,#0000ff
V_SA_02,V_SA_SMC_01,Undirected,519,,,36.36363636,#9900ff
V_SA_02,V_SA_SMC_02,Undirected,520,,,36.36363636,#9900ff
V_SA_02,V_SA_SMC_03,Undirected,521,,,36.36363636,#9900ff
V_SA_02,V_SA_SMC_04,Undirected,522,,,36.36363636,#9900ff
V_SA_03,V_SA_SAF_01,Undirected,523,,,9.090909091,#ff00ff
V_SA_04,V_SA_SG_01,Undirected,524,,,9.090909091,#ff9900